<?xml version="1.0" encoding="UTF-8"?>
<!DOCTYPE configuration
PUBLIC "-//mybatis.org//DTD Config 3.0//EN"
"https://mybatis.org/dtd/mybatis-3-config.dtd">

<configuration>
    	<!-- enviroments : Mybatis에서 연동할 DB의 정보들을 등록하는 영역 
		 각각의 DB정보는 enviroments태그를 이용해서 등록할 수 있음
		 => 꼭! default속성을 이용해서 여러개의 정보중 어떤 DB를 기준으로 사용할 것인지 지정해야함!-->
    <environments default="development">
        <environment id="development">
	<!-- 
	* transactionManager : type이 필수 속성 JDBC와 MANAGED 중 하나를 선택할 수 있음
	- JDBC : 트랜잭션을 개발자가 직접관리하겠다. (수동 commit)
	- MANAGED : 트랜잭션에 대해서 개발자가 아무런 영향도 끼치지 않겠다. (자동 commit)
	-->
            <transactionManager type="JDBC" />
		<!--					
		dataSource의 type속성의 값으로 POOLED와 UNPOOLED 중 하나를 선택할 수 있음(ConnectionPool)
		ConnectionPool : Connection객체를 담아두는 영역, 한 번 생성된 Connection을 재사용
			
		POOLED => ConnectionPool 쓸래요
		UNPOOLED => ConnectionPool 안쓸래요
				
		DataSource객체의 필드에 값을 set하기 위해서는 setter메소드가 호출 되는데,
		XML파일상에서는 setter메소드를 호출해서 값을 대입하기 위해 property라는 요소를 사용함
		-->
            <dataSource type="UNPOOLED">
                <property name="driver" value="oracle.jdbc.driver.OracleDriver" />
                <property name="url" value="jdbc:oracle:thin:@115.90.212.20:10000:XE" />
                <property name="username" value="ksky05" />
                <property name="password" value="KSKY1234" />
            </dataSource>
        </environment>
    </environments>
    
    <!-- mappers : 실행할 SQL문을 기록해둔 mapper파일을 등록하는 영역 -->
    <mappers>
    	<mapper resource="member-mapper.xml" />
    </mappers>
    
    
    
    
</configuration>